               epoch,      train/box_loss,      train/obj_loss,      train/cls_loss,   metrics/precision,      metrics/recall,     metrics/mAP_0.5,metrics/mAP_0.5:0.95,        val/box_loss,        val/obj_loss,        val/cls_loss,               x/lr0,               x/lr1,               x/lr2
                   0,             0.10162,            0.024857,            0.062349,           0.0031498,             0.74506,            0.022785,           0.0090886,            0.061588,           0.0099702,            0.046935,            0.070714,            0.003254,            0.003254
                   1,            0.075706,             0.02914,            0.050417,             0.67978,             0.19126,            0.083104,            0.029261,            0.053895,           0.0079175,            0.041124,            0.040698,            0.006571,            0.006571
                   2,            0.064929,            0.027891,            0.047673,             0.59294,             0.13905,            0.066974,            0.030844,            0.060081,           0.0074808,              0.0355,            0.010665,           0.0098715,           0.0098715
                   3,            0.059748,            0.024538,            0.043712,             0.51417,              0.3022,             0.18784,             0.11177,            0.045505,           0.0066247,            0.037312,           0.0099258,           0.0099258,           0.0099258
                   4,            0.057021,            0.024002,            0.041633,             0.70707,             0.17964,             0.20222,             0.12611,              0.0492,           0.0067921,             0.03275,           0.0099258,           0.0099258,           0.0099258
                   5,            0.057225,            0.024364,            0.040249,             0.66131,             0.22599,             0.17709,            0.096733,            0.041455,           0.0060323,            0.031974,            0.009901,            0.009901,            0.009901
                   6,            0.052062,            0.023264,            0.039076,             0.81051,             0.16525,             0.19646,             0.11867,            0.042842,           0.0070434,            0.034482,           0.0098763,           0.0098763,           0.0098763
                   7,            0.048659,            0.022555,            0.035226,              0.8304,             0.20474,             0.24114,             0.13702,            0.038861,           0.0065367,            0.032504,           0.0098515,           0.0098515,           0.0098515
                   8,            0.052631,            0.022782,            0.032488,             0.75023,             0.23246,             0.24044,             0.13137,            0.041405,           0.0065418,            0.031088,           0.0098268,           0.0098268,           0.0098268
                   9,            0.050205,            0.022845,            0.033496,             0.78279,             0.19114,             0.27927,              0.1725,             0.04075,           0.0069883,            0.037053,            0.009802,            0.009802,            0.009802
                  10,            0.050458,            0.023252,            0.030127,             0.73918,             0.12173,            0.082532,            0.027724,            0.046714,            0.011536,            0.041921,           0.0097773,           0.0097773,           0.0097773
                  11,            0.046459,            0.022116,            0.030273,             0.84406,             0.16689,             0.18377,              0.1143,            0.038886,           0.0086412,            0.037077,           0.0097525,           0.0097525,           0.0097525
                  12,            0.046233,            0.021339,            0.031329,             0.77721,             0.13687,             0.16492,            0.091508,            0.051837,           0.0064197,             0.04531,           0.0097278,           0.0097278,           0.0097278
                  13,             0.04702,              0.0213,            0.031304,             0.87074,             0.24307,             0.37734,             0.27183,             0.03239,           0.0057746,            0.034052,            0.009703,            0.009703,            0.009703
                  14,            0.049318,            0.022141,            0.029557,             0.85285,             0.13642,             0.20683,             0.10825,            0.041785,            0.008371,            0.038453,           0.0096783,           0.0096783,           0.0096783
                  15,            0.045874,            0.022724,            0.026535,              0.6994,             0.26949,             0.36681,              0.2012,            0.038969,           0.0065661,            0.026633,           0.0096535,           0.0096535,           0.0096535
                  16,            0.049439,            0.022268,            0.026319,             0.54895,             0.38698,             0.46785,             0.34462,             0.03469,           0.0056673,             0.02746,           0.0096288,           0.0096288,           0.0096288
                  17,            0.045765,            0.020808,             0.02919,              0.5008,             0.36225,             0.39822,             0.25964,            0.031949,           0.0062187,            0.027291,            0.009604,            0.009604,            0.009604
                  18,            0.044007,            0.021873,            0.026099,              0.5814,             0.41139,             0.45539,             0.30287,            0.031386,           0.0058244,            0.026614,           0.0095793,           0.0095793,           0.0095793
                  19,            0.045111,            0.020857,            0.024584,             0.73229,             0.19155,             0.22005,             0.12285,            0.041389,            0.010111,            0.033331,           0.0095545,           0.0095545,           0.0095545
                  20,            0.047917,            0.022131,            0.023945,             0.49599,             0.35115,             0.33175,             0.18724,            0.040395,            0.009291,            0.031847,           0.0095298,           0.0095298,           0.0095298
                  21,            0.044611,            0.021317,            0.026179,             0.56473,             0.36265,             0.31843,             0.15703,             0.03945,           0.0080393,            0.030825,            0.009505,            0.009505,            0.009505
                  22,            0.043395,            0.020375,            0.024291,             0.79979,             0.39432,               0.509,             0.33462,            0.029026,           0.0056727,            0.021983,           0.0094803,           0.0094803,           0.0094803
                  23,            0.042837,            0.021667,            0.023135,             0.61481,             0.58076,              0.6127,             0.42807,            0.027614,           0.0052475,            0.018324,           0.0094555,           0.0094555,           0.0094555
                  24,             0.04091,            0.020071,            0.025204,             0.58001,             0.51847,             0.48996,             0.34851,            0.031253,           0.0054405,            0.017331,           0.0094307,           0.0094307,           0.0094307
                  25,            0.041599,            0.019907,            0.022518,             0.51899,             0.56219,             0.56638,              0.3605,            0.033166,           0.0059387,            0.018061,            0.009406,            0.009406,            0.009406
                  26,            0.044394,            0.021352,            0.022271,             0.61815,             0.43382,             0.54445,             0.32228,            0.033242,           0.0061281,            0.019001,           0.0093813,           0.0093813,           0.0093813
                  27,            0.040752,            0.020585,            0.022523,             0.59508,             0.48189,             0.55616,             0.37176,            0.034164,           0.0056285,            0.023263,           0.0093565,           0.0093565,           0.0093565
                  28,            0.043543,            0.020377,            0.020334,             0.48193,             0.46366,             0.44161,             0.29558,            0.032387,           0.0061079,            0.026483,           0.0093317,           0.0093317,           0.0093317
                  29,            0.042497,            0.020764,            0.023203,              0.5764,             0.59259,             0.54782,             0.37621,             0.03344,           0.0057305,            0.015173,            0.009307,            0.009307,            0.009307
                  30,            0.041047,            0.020108,            0.021406,             0.88944,             0.32659,             0.52506,             0.35386,            0.036362,           0.0067747,            0.025332,           0.0092823,           0.0092823,           0.0092823
                  31,            0.043525,              0.0212,            0.021387,             0.71667,             0.47073,             0.62314,             0.46448,             0.03001,           0.0053763,            0.020926,           0.0092575,           0.0092575,           0.0092575
                  32,            0.040408,            0.018957,            0.022671,             0.62382,              0.5574,             0.61889,             0.45852,            0.038047,           0.0053048,            0.015307,           0.0092327,           0.0092327,           0.0092327
                  33,            0.041124,            0.021184,            0.019336,             0.68765,             0.55216,             0.60014,             0.45061,            0.038784,           0.0052006,            0.017089,            0.009208,            0.009208,            0.009208
                  34,            0.043038,            0.019172,            0.019726,              0.6771,             0.51102,              0.6661,              0.4363,            0.032327,             0.00568,             0.02062,           0.0091833,           0.0091833,           0.0091833
                  35,            0.043807,            0.020682,            0.018949,             0.68624,             0.42343,             0.53857,             0.35942,            0.031321,           0.0060585,            0.025148,           0.0091585,           0.0091585,           0.0091585
                  36,            0.043291,            0.019461,            0.020966,             0.55078,             0.70277,             0.66237,             0.44682,            0.030005,           0.0057934,            0.016481,           0.0091337,           0.0091337,           0.0091337
                  37,            0.043113,            0.019181,            0.022951,               0.641,             0.41263,             0.46843,             0.30356,            0.042653,           0.0070917,            0.022889,            0.009109,            0.009109,            0.009109
                  38,             0.04124,            0.020745,            0.018814,             0.70988,             0.46249,             0.55742,              0.3688,            0.030968,           0.0061624,            0.016186,           0.0090843,           0.0090843,           0.0090843
                  39,            0.041653,            0.020009,            0.021299,             0.77629,             0.40687,             0.48511,             0.32413,            0.032654,           0.0055994,            0.023859,           0.0090595,           0.0090595,           0.0090595
                  40,            0.041127,            0.019852,            0.021878,             0.66094,             0.63199,              0.6413,             0.47278,            0.031597,           0.0051893,            0.014847,           0.0090347,           0.0090347,           0.0090347
                  41,            0.038758,            0.019612,            0.020315,              0.6998,             0.57653,             0.67435,             0.51668,              0.0317,           0.0053255,            0.011779,             0.00901,             0.00901,             0.00901
                  42,            0.039166,            0.019983,            0.021448,              0.7833,             0.22626,             0.33006,             0.20337,            0.039395,           0.0064376,            0.030451,           0.0089853,           0.0089853,           0.0089853
                  43,             0.04059,            0.020108,            0.018439,             0.57641,             0.72144,             0.70682,             0.51001,            0.031443,           0.0052142,            0.013252,           0.0089605,           0.0089605,           0.0089605
                  44,            0.038391,            0.018983,            0.019366,             0.52979,             0.40237,             0.38087,             0.21021,            0.038304,           0.0068437,            0.026566,           0.0089358,           0.0089358,           0.0089358
                  45,             0.03992,            0.019374,            0.018413,             0.53861,             0.52955,             0.55934,             0.33085,            0.032387,           0.0059711,            0.022131,            0.008911,            0.008911,            0.008911
                  46,            0.039176,            0.019642,            0.017897,             0.74697,             0.39546,             0.49853,             0.26812,            0.038767,           0.0065743,             0.02473,           0.0088863,           0.0088863,           0.0088863
                  47,            0.040012,            0.019932,            0.018131,             0.64778,             0.66314,             0.73505,             0.53488,            0.030783,           0.0048467,            0.013474,           0.0088615,           0.0088615,           0.0088615
                  48,            0.039792,            0.018711,            0.016538,             0.65405,             0.60677,             0.64874,             0.47277,            0.030528,           0.0052803,             0.01765,           0.0088368,           0.0088368,           0.0088368
                  49,             0.03885,            0.019554,            0.017985,             0.65187,             0.65525,             0.71279,             0.53091,            0.030046,           0.0048437,            0.012858,            0.008812,            0.008812,            0.008812
                  50,            0.040181,            0.018338,            0.017434,              0.7294,             0.66128,             0.75739,             0.53974,            0.028655,           0.0046491,            0.011453,           0.0087872,           0.0087872,           0.0087872
                  51,            0.036902,            0.018386,            0.016613,             0.75592,              0.7154,              0.7739,             0.53363,            0.028747,           0.0046235,           0.0098548,           0.0087625,           0.0087625,           0.0087625
                  52,            0.039742,            0.019097,             0.01714,             0.67452,              0.5937,             0.67942,             0.44309,             0.03177,           0.0055119,            0.015189,           0.0087378,           0.0087378,           0.0087378
                  53,            0.037049,            0.018675,            0.018871,             0.67078,             0.48688,             0.50547,             0.25691,            0.032594,           0.0074582,            0.026133,            0.008713,            0.008713,            0.008713
                  54,            0.037368,             0.01847,            0.018179,             0.68546,             0.51967,             0.61161,             0.37442,            0.033897,           0.0058948,            0.020836,           0.0086882,           0.0086882,           0.0086882
                  55,            0.037054,            0.018401,            0.016007,             0.68005,             0.67609,             0.71461,             0.52851,            0.031447,           0.0049369,            0.016983,           0.0086635,           0.0086635,           0.0086635
                  56,            0.036831,            0.018463,            0.014854,             0.64782,             0.55684,             0.60238,             0.43201,            0.029987,           0.0053295,            0.019099,           0.0086388,           0.0086388,           0.0086388
                  57,             0.03996,            0.019713,            0.014822,             0.77999,             0.67959,             0.78259,              0.6016,            0.026304,           0.0044434,            0.014215,            0.008614,            0.008614,            0.008614
                  58,             0.03645,            0.018443,            0.017749,             0.82945,             0.58394,             0.72199,             0.51716,            0.028816,           0.0054376,            0.017059,           0.0085893,           0.0085893,           0.0085893
                  59,            0.036976,            0.018779,            0.015992,             0.63049,             0.53543,             0.59887,             0.39077,            0.030399,           0.0057916,            0.023371,           0.0085645,           0.0085645,           0.0085645
                  60,            0.037067,            0.019209,            0.016322,             0.68364,             0.58997,             0.65375,             0.44457,            0.025833,           0.0052392,            0.018967,           0.0085398,           0.0085398,           0.0085398
                  61,            0.033775,            0.018224,            0.015326,             0.80145,             0.73105,             0.82903,              0.6293,             0.02629,           0.0044509,            0.011604,            0.008515,            0.008515,            0.008515
                  62,            0.035301,             0.01838,            0.015072,             0.73817,             0.63136,             0.74512,             0.56749,            0.025953,           0.0049802,            0.013738,           0.0084903,           0.0084903,           0.0084903
                  63,            0.038397,            0.018595,             0.01832,             0.74264,             0.75748,             0.79301,             0.59983,            0.025598,           0.0046377,            0.011939,           0.0084655,           0.0084655,           0.0084655
                  64,            0.036533,            0.019344,            0.014046,             0.80973,             0.75805,             0.82862,             0.63809,            0.027222,           0.0046819,            0.010967,           0.0084408,           0.0084408,           0.0084408
                  65,            0.036219,            0.018507,            0.013721,             0.79248,             0.77076,             0.80133,             0.60836,            0.029154,           0.0047588,            0.013539,            0.008416,            0.008416,            0.008416
                  66,            0.035264,            0.018304,            0.013487,             0.83207,             0.72387,             0.84561,             0.66351,            0.026036,           0.0046738,            0.010903,           0.0083913,           0.0083913,           0.0083913
                  67,            0.033804,            0.017742,            0.014881,             0.83454,             0.79352,             0.85878,             0.66694,            0.025944,            0.004494,           0.0092156,           0.0083665,           0.0083665,           0.0083665
                  68,            0.035018,            0.017052,            0.013085,             0.82659,             0.78285,             0.84389,             0.67133,            0.026147,           0.0047346,           0.0079941,           0.0083418,           0.0083418,           0.0083418
                  69,            0.037017,            0.018482,            0.013031,             0.81013,             0.62216,             0.76077,             0.53304,            0.028622,             0.00567,            0.021699,            0.008317,            0.008317,            0.008317
                  70,            0.036146,            0.017941,            0.012923,              0.7093,             0.75768,             0.75253,             0.58071,            0.027289,           0.0047744,            0.018061,           0.0082922,           0.0082922,           0.0082922
                  71,             0.03571,            0.018199,            0.014769,             0.76836,             0.65816,             0.76783,              0.5592,            0.027353,           0.0050258,             0.01079,           0.0082675,           0.0082675,           0.0082675
                  72,            0.036959,            0.018619,            0.013986,              0.6143,             0.53048,             0.64588,             0.36927,            0.031983,           0.0061188,            0.017361,           0.0082428,           0.0082428,           0.0082428
                  73,            0.036211,            0.018116,            0.013821,             0.82647,             0.81039,              0.8243,             0.62878,            0.026402,           0.0045601,            0.017304,            0.008218,            0.008218,            0.008218
                  74,            0.037228,            0.018545,            0.015744,             0.81096,             0.78754,             0.81968,             0.62721,            0.027651,           0.0047229,           0.0092014,           0.0081932,           0.0081932,           0.0081932
                  75,            0.034171,            0.018256,            0.012629,             0.79492,             0.78411,             0.86495,             0.66059,             0.02635,           0.0046651,            0.010436,           0.0081685,           0.0081685,           0.0081685
                  76,            0.035531,             0.01854,            0.011782,             0.80627,             0.76168,             0.83673,              0.6612,            0.026027,           0.0047177,            0.013233,           0.0081437,           0.0081437,           0.0081437
                  77,            0.034911,            0.017137,            0.014012,             0.75586,             0.82983,             0.83898,             0.65893,            0.026426,           0.0045573,           0.0098746,            0.008119,            0.008119,            0.008119
                  78,            0.035321,            0.018115,            0.013254,              0.9016,              0.8363,             0.91149,             0.74088,            0.024893,           0.0043577,           0.0085797,           0.0080942,           0.0080942,           0.0080942
                  79,            0.034174,            0.017884,            0.012218,             0.73621,             0.59791,             0.73471,             0.47345,            0.030964,           0.0056204,            0.018705,           0.0080695,           0.0080695,           0.0080695
                  80,            0.036277,            0.017613,            0.012911,             0.66594,             0.81151,             0.81016,             0.60651,            0.028231,           0.0047566,            0.016084,           0.0080447,           0.0080447,           0.0080447
                  81,            0.033734,            0.016661,            0.013009,             0.84859,             0.74411,              0.8684,             0.67646,            0.026148,           0.0043963,            0.012737,             0.00802,             0.00802,             0.00802
                  82,            0.034176,            0.017755,             0.01177,             0.79533,             0.68942,             0.76012,             0.53008,            0.027597,           0.0052225,            0.016968,           0.0079953,           0.0079953,           0.0079953
                  83,            0.033764,            0.016757,            0.011338,             0.71589,             0.61216,             0.67997,             0.43657,             0.03066,           0.0058163,            0.019927,           0.0079705,           0.0079705,           0.0079705
                  84,            0.032881,            0.017436,            0.013416,             0.70286,             0.61474,             0.68892,             0.46825,            0.028469,           0.0051449,            0.023098,           0.0079457,           0.0079457,           0.0079457
                  85,            0.033845,            0.017701,            0.011036,             0.85335,             0.68583,             0.80169,             0.58913,            0.028719,           0.0045462,            0.017332,            0.007921,            0.007921,            0.007921
                  86,            0.032874,            0.017552,            0.011232,             0.75536,             0.78117,             0.78654,             0.59999,            0.028488,           0.0048607,            0.024209,           0.0078963,           0.0078963,           0.0078963
                  87,            0.033453,             0.01702,            0.012544,              0.7055,             0.75414,             0.82711,             0.67206,            0.023531,           0.0044952,            0.020226,           0.0078715,           0.0078715,           0.0078715
                  88,             0.03176,            0.017335,            0.013774,             0.76882,             0.79431,             0.85068,             0.67831,            0.024542,           0.0043363,            0.016128,           0.0078467,           0.0078467,           0.0078467
                  89,            0.033219,            0.017502,            0.012904,              0.7755,              0.8246,             0.86084,             0.70369,             0.02462,           0.0042452,            0.013307,            0.007822,            0.007822,            0.007822
                  90,            0.031542,            0.016989,            0.014455,             0.80423,             0.72026,             0.80905,             0.64655,            0.027449,            0.004337,            0.015216,           0.0077973,           0.0077973,           0.0077973
                  91,            0.033206,            0.016772,            0.013262,             0.75256,              0.7188,             0.75324,             0.55299,            0.027984,           0.0050456,            0.018414,           0.0077725,           0.0077725,           0.0077725
                  92,            0.032069,            0.017091,            0.013413,             0.76358,             0.78082,             0.84701,             0.63433,            0.025232,           0.0047995,            0.016548,           0.0077478,           0.0077478,           0.0077478
                  93,            0.032921,            0.017399,            0.011714,              0.8071,             0.70226,              0.8236,             0.64712,            0.024877,           0.0047431,            0.016166,            0.007723,            0.007723,            0.007723
                  94,            0.033938,            0.018992,            0.011762,             0.85368,              0.8145,              0.8851,             0.68104,            0.024129,           0.0043708,             0.01187,           0.0076983,           0.0076983,           0.0076983
                  95,             0.03494,            0.017211,            0.010834,             0.80184,             0.70567,             0.82418,             0.60136,            0.025791,           0.0051064,            0.014786,           0.0076735,           0.0076735,           0.0076735
                  96,            0.035098,            0.017324,           0.0093719,             0.83968,             0.79722,             0.88166,             0.70537,            0.024153,           0.0046136,           0.0098599,           0.0076488,           0.0076488,           0.0076488
                  97,            0.032764,            0.016531,            0.011778,             0.91347,             0.72659,             0.85779,             0.67735,            0.025778,           0.0046602,           0.0088582,            0.007624,            0.007624,            0.007624
                  98,            0.032701,            0.017851,            0.010034,             0.82092,             0.82905,             0.88457,             0.69855,            0.026967,           0.0044541,            0.010258,           0.0075993,           0.0075993,           0.0075993
                  99,            0.031694,            0.016662,            0.011103,             0.82898,             0.73088,             0.82447,             0.63188,             0.02646,           0.0045172,            0.015963,           0.0075745,           0.0075745,           0.0075745
                 100,            0.030227,            0.015762,            0.010965,             0.86035,             0.74653,             0.86211,             0.68834,            0.024542,           0.0041327,            0.011933,           0.0075498,           0.0075498,           0.0075498
                 101,            0.032712,            0.016518,            0.010761,              0.8113,              0.8377,             0.90103,             0.69615,              0.0229,           0.0043622,           0.0072302,            0.007525,            0.007525,            0.007525
                 102,             0.03249,            0.017491,            0.010093,             0.90605,             0.73751,             0.87143,             0.65984,            0.021844,           0.0044603,             0.01068,           0.0075003,           0.0075003,           0.0075003
                 103,            0.031592,            0.017794,             0.01025,             0.85152,             0.84626,             0.91884,             0.71388,            0.021693,           0.0044068,           0.0084766,           0.0074755,           0.0074755,           0.0074755
                 104,            0.032407,            0.017152,            0.012091,             0.81061,             0.72946,             0.84055,             0.65204,            0.024743,           0.0043669,            0.014173,           0.0074507,           0.0074507,           0.0074507
                 105,            0.032078,            0.016562,            0.010505,             0.79227,             0.78546,             0.84442,             0.66491,            0.024121,           0.0044727,            0.014817,            0.007426,            0.007426,            0.007426
                 106,            0.032458,            0.016212,           0.0097664,             0.86245,             0.74476,             0.86524,             0.68745,            0.023258,           0.0045559,            0.012521,           0.0074013,           0.0074013,           0.0074013
                 107,            0.031918,            0.016397,            0.010446,             0.90771,             0.81222,             0.84617,             0.69982,            0.025544,           0.0045702,           0.0086282,           0.0073765,           0.0073765,           0.0073765
                 108,            0.033739,            0.017012,            0.010949,             0.88304,             0.81064,             0.83167,             0.66486,            0.024526,           0.0041904,           0.0088555,           0.0073517,           0.0073517,           0.0073517
                 109,            0.033025,            0.017445,            0.012278,             0.85528,             0.77155,             0.82664,             0.65882,            0.026302,           0.0047249,            0.011103,            0.007327,            0.007327,            0.007327
                 110,            0.031991,            0.016833,           0.0097421,             0.82103,             0.80031,             0.85437,             0.66595,            0.023768,           0.0046082,            0.010834,           0.0073023,           0.0073023,           0.0073023
                 111,            0.030178,            0.015995,            0.011311,             0.79669,             0.79361,               0.819,             0.61808,            0.025733,           0.0045782,            0.017765,           0.0072775,           0.0072775,           0.0072775
                 112,            0.030616,            0.016207,           0.0096405,             0.71971,             0.65885,             0.77227,             0.45971,            0.028762,           0.0059351,             0.01253,           0.0072527,           0.0072527,           0.0072527
                 113,            0.030534,            0.015423,             0.01014,             0.86701,             0.74569,             0.86869,             0.67669,            0.024497,           0.0045348,           0.0077851,            0.007228,            0.007228,            0.007228
                 114,            0.031407,             0.01611,            0.010392,             0.89767,             0.69584,             0.81363,             0.62098,            0.027223,            0.004727,            0.014548,           0.0072033,           0.0072033,           0.0072033
                 115,            0.030056,            0.015606,             0.01124,             0.85063,             0.69689,             0.84106,             0.65725,            0.025648,           0.0048084,           0.0099288,           0.0071785,           0.0071785,           0.0071785
                 116,            0.031585,            0.017322,           0.0099351,             0.88071,             0.70891,             0.84118,              0.6843,            0.026281,           0.0046851,            0.010628,           0.0071538,           0.0071538,           0.0071538
                 117,            0.030845,            0.017197,            0.009695,             0.83396,             0.80276,             0.85412,             0.69374,            0.025066,           0.0048012,            0.010932,            0.007129,            0.007129,            0.007129
                 118,            0.029768,            0.016004,            0.010148,             0.85951,             0.73226,             0.83861,             0.67481,            0.024864,           0.0048808,            0.012817,           0.0071042,           0.0071042,           0.0071042
                 119,            0.030074,            0.015813,            0.010853,             0.78358,             0.77581,             0.84216,             0.66946,            0.025305,            0.004463,           0.0091918,           0.0070795,           0.0070795,           0.0070795
                 120,             0.03124,            0.016166,            0.012519,             0.83263,             0.75475,             0.85642,             0.68462,            0.024751,           0.0046106,           0.0083501,           0.0070547,           0.0070547,           0.0070547
                 121,             0.03071,            0.016233,            0.012128,             0.76231,             0.77915,             0.83991,             0.63424,             0.02599,           0.0048187,            0.018382,             0.00703,             0.00703,             0.00703
                 122,            0.031395,            0.016669,           0.0093693,              0.8679,             0.76784,               0.866,             0.65578,            0.024133,           0.0047028,            0.017764,           0.0070053,           0.0070053,           0.0070053
                 123,            0.030472,            0.016777,            0.010292,             0.89267,              0.7124,               0.854,             0.66941,            0.024971,           0.0047886,             0.01185,           0.0069805,           0.0069805,           0.0069805
                 124,            0.030052,            0.016729,           0.0097625,             0.86272,             0.75992,             0.87161,             0.68246,            0.023572,           0.0046544,            0.011877,           0.0069558,           0.0069558,           0.0069558
                 125,            0.029774,            0.016005,            0.010141,             0.78425,             0.73054,             0.83025,             0.65499,            0.023528,           0.0046976,            0.019182,            0.006931,            0.006931,            0.006931
                 126,            0.031283,            0.016014,            0.011486,              0.8812,             0.81367,             0.89275,              0.7172,            0.023334,           0.0044286,             0.01028,           0.0069063,           0.0069063,           0.0069063
                 127,            0.031491,            0.016126,            0.010098,             0.80171,              0.7959,             0.84692,             0.65931,            0.023872,           0.0047237,           0.0094438,           0.0068815,           0.0068815,           0.0068815
                 128,            0.030657,            0.015326,            0.011488,              0.8392,             0.77919,             0.83231,             0.67753,            0.023765,            0.004672,             0.01004,           0.0068568,           0.0068568,           0.0068568
                 129,            0.031272,            0.016436,           0.0095225,             0.83554,             0.82951,             0.83411,             0.67648,            0.024112,           0.0044325,           0.0069314,            0.006832,            0.006832,            0.006832
                 130,            0.031392,             0.01681,           0.0093629,             0.54924,             0.62684,             0.68812,             0.41182,            0.034367,           0.0062519,            0.019756,           0.0068073,           0.0068073,           0.0068073
                 131,            0.030464,            0.016439,            0.011193,             0.84449,             0.80774,             0.86233,             0.71022,             0.02472,           0.0043626,            0.010039,           0.0067825,           0.0067825,           0.0067825
                 132,            0.030577,            0.016251,            0.010301,             0.82205,             0.76519,             0.85303,              0.7108,            0.024034,           0.0044959,            0.010211,           0.0067577,           0.0067577,           0.0067577
                 133,            0.028793,            0.015954,            0.010151,             0.87083,             0.78417,             0.85718,             0.70544,            0.026155,           0.0044167,           0.0095662,            0.006733,            0.006733,            0.006733
                 134,            0.030259,            0.016098,           0.0086651,              0.9105,             0.75783,             0.85426,             0.70331,            0.025218,           0.0044505,           0.0094194,           0.0067082,           0.0067082,           0.0067082
                 135,            0.031064,             0.01544,            0.008474,             0.85531,             0.83583,             0.86731,             0.72597,            0.024018,           0.0045283,           0.0072517,           0.0066835,           0.0066835,           0.0066835
                 136,            0.029001,            0.015954,            0.010241,             0.67676,             0.81621,             0.83022,             0.66039,             0.02555,           0.0047629,            0.010963,           0.0066587,           0.0066587,           0.0066587
                 137,            0.027778,             0.01555,           0.0099323,             0.73226,             0.82151,              0.8593,             0.68722,             0.02503,            0.004589,            0.010362,            0.006634,            0.006634,            0.006634
                 138,            0.027896,            0.016511,           0.0093987,             0.87341,             0.80017,              0.8607,             0.66301,            0.025703,           0.0048792,             0.01348,           0.0066092,           0.0066092,           0.0066092
                 139,            0.030967,            0.016101,           0.0093688,             0.83651,             0.74552,             0.84531,             0.69733,            0.022757,           0.0044022,            0.011614,           0.0065845,           0.0065845,           0.0065845
                 140,            0.028232,            0.015501,           0.0098744,             0.80047,             0.77286,             0.86065,             0.71546,             0.02315,           0.0041906,           0.0074598,           0.0065598,           0.0065598,           0.0065598
                 141,            0.030385,            0.015278,           0.0097285,              0.8059,             0.83719,             0.87222,             0.71671,             0.02259,           0.0041753,           0.0097517,            0.006535,            0.006535,            0.006535
                 142,            0.029406,            0.015573,           0.0098961,             0.82747,             0.90803,             0.92111,              0.7505,            0.022946,           0.0042142,           0.0054968,           0.0065102,           0.0065102,           0.0065102
                 143,            0.029327,            0.016088,           0.0098484,             0.81282,             0.74555,             0.81513,             0.64599,             0.02494,           0.0049244,           0.0079444,           0.0064855,           0.0064855,           0.0064855
                 144,            0.029027,            0.015774,           0.0091291,             0.77932,             0.79395,             0.84997,             0.60898,             0.02668,           0.0049567,            0.011876,           0.0064608,           0.0064608,           0.0064608
                 145,            0.029619,             0.01522,           0.0089337,             0.78487,             0.73127,             0.81521,             0.63743,             0.02591,           0.0047999,            0.015453,            0.006436,            0.006436,            0.006436
                 146,            0.028715,            0.015517,            0.008931,              0.8411,             0.84378,              0.8802,             0.70911,             0.02327,           0.0043901,           0.0094644,           0.0064112,           0.0064112,           0.0064112
                 147,            0.029221,            0.015564,           0.0080074,             0.87485,             0.66488,             0.84745,             0.62406,            0.025027,           0.0046901,             0.01683,           0.0063865,           0.0063865,           0.0063865
                 148,            0.029134,            0.015799,           0.0092073,             0.77958,             0.79657,             0.89278,             0.70482,            0.023145,           0.0041901,            0.014235,           0.0063618,           0.0063618,           0.0063618
                 149,            0.029245,            0.015804,           0.0094603,             0.94292,             0.83624,             0.92051,             0.69637,            0.023813,           0.0041878,            0.011756,            0.006337,            0.006337,            0.006337
                 150,            0.029626,            0.015246,           0.0091327,             0.78832,             0.84546,             0.89055,             0.70666,            0.024415,           0.0043574,           0.0088568,           0.0063122,           0.0063122,           0.0063122
                 151,             0.02796,            0.016043,           0.0097609,             0.83011,             0.82035,             0.89369,             0.73222,            0.022947,           0.0042083,           0.0094898,           0.0062875,           0.0062875,           0.0062875
                 152,            0.029369,            0.016315,           0.0084125,              0.8972,             0.83158,             0.91219,             0.72541,            0.022665,           0.0041963,            0.010687,           0.0062628,           0.0062628,           0.0062628
                 153,             0.02664,            0.015598,           0.0079133,             0.84686,             0.81064,             0.89337,             0.70992,            0.023726,            0.004124,            0.014638,            0.006238,            0.006238,            0.006238
                 154,            0.028616,            0.014712,           0.0089606,             0.96145,             0.78767,             0.92093,             0.76674,            0.025002,           0.0040591,           0.0077409,           0.0062132,           0.0062132,           0.0062132
                 155,            0.027756,            0.015152,           0.0090034,             0.85533,             0.86958,              0.9067,             0.71546,            0.024722,           0.0041133,           0.0075025,           0.0061885,           0.0061885,           0.0061885
                 156,            0.030203,             0.01458,           0.0095776,             0.97152,             0.80631,             0.90826,             0.73078,            0.023273,           0.0042757,           0.0084149,           0.0061637,           0.0061637,           0.0061637
                 157,            0.028839,             0.01512,           0.0086123,              0.8945,             0.80448,             0.87777,             0.71754,            0.024706,           0.0042952,            0.012989,            0.006139,            0.006139,            0.006139
                 158,            0.027546,            0.014932,           0.0098038,              0.9467,             0.84718,             0.92507,             0.73758,            0.022679,            0.004078,            0.012249,           0.0061142,           0.0061142,           0.0061142
                 159,            0.027438,            0.015534,           0.0081101,             0.82417,             0.85668,             0.91756,             0.73408,            0.023121,           0.0041516,             0.01181,           0.0060895,           0.0060895,           0.0060895
                 160,            0.027056,            0.015153,            0.007982,             0.92082,             0.78847,             0.89069,             0.71794,            0.023152,           0.0044721,            0.010777,           0.0060647,           0.0060647,           0.0060647
                 161,            0.026477,            0.015667,           0.0080405,             0.87479,             0.81294,             0.92805,             0.74714,            0.024027,           0.0042207,           0.0083467,             0.00604,             0.00604,             0.00604
                 162,            0.028131,            0.015108,           0.0074851,             0.83715,             0.68949,             0.81129,             0.59843,              0.0264,           0.0050365,            0.021939,           0.0060152,           0.0060152,           0.0060152
                 163,            0.028238,            0.015108,           0.0082659,             0.84631,             0.78126,             0.88323,             0.70354,            0.024902,           0.0046755,            0.016094,           0.0059905,           0.0059905,           0.0059905
                 164,            0.027951,            0.014871,           0.0074153,             0.88441,             0.76158,             0.83818,              0.6549,            0.024085,           0.0046925,            0.014238,           0.0059658,           0.0059658,           0.0059658
                 165,            0.027975,            0.015262,           0.0084496,             0.86788,             0.79836,             0.87467,             0.69367,            0.024255,           0.0045475,            0.012203,            0.005941,            0.005941,            0.005941
                 166,            0.028738,            0.014793,           0.0087334,             0.88841,             0.80123,             0.86735,             0.66318,            0.025033,           0.0043211,            0.014645,           0.0059163,           0.0059163,           0.0059163
                 167,            0.027665,            0.014583,            0.009268,             0.89246,             0.82938,             0.87433,              0.7113,            0.025265,           0.0041414,           0.0085499,           0.0058915,           0.0058915,           0.0058915
                 168,            0.027521,            0.014937,            0.008523,             0.86191,             0.83227,             0.85771,             0.68881,            0.024164,            0.004377,           0.0091293,           0.0058668,           0.0058668,           0.0058668
                 169,             0.02717,            0.015348,           0.0090914,             0.79912,             0.82169,             0.86944,             0.69629,            0.022971,           0.0044535,           0.0080688,            0.005842,            0.005842,            0.005842
                 170,            0.027603,            0.014964,           0.0077964,             0.81806,             0.81244,             0.87655,             0.71983,            0.022638,           0.0041993,           0.0063375,           0.0058173,           0.0058173,           0.0058173
                 171,            0.027941,            0.015535,           0.0076405,              0.8901,              0.8095,             0.91385,             0.74129,            0.023908,           0.0040318,           0.0056693,           0.0057925,           0.0057925,           0.0057925
                 172,            0.026721,            0.014569,           0.0075564,             0.89483,             0.80034,             0.90584,             0.73874,            0.022898,           0.0041236,           0.0078587,           0.0057678,           0.0057678,           0.0057678
                 173,            0.027836,            0.015532,           0.0093478,             0.86544,              0.8187,             0.89928,             0.73906,            0.022055,           0.0042162,           0.0070524,            0.005743,            0.005743,            0.005743
                 174,            0.029088,            0.015375,           0.0078629,             0.88919,             0.82128,             0.86973,              0.6895,             0.02268,           0.0042545,           0.0095378,           0.0057183,           0.0057183,           0.0057183
                 175,            0.027434,            0.015472,           0.0087907,             0.84835,             0.79517,             0.86093,             0.70558,             0.02252,           0.0043951,           0.0083842,           0.0056935,           0.0056935,           0.0056935
                 176,            0.027877,             0.01428,           0.0089685,             0.83342,             0.76041,             0.84636,             0.62713,            0.025877,           0.0043694,            0.015428,           0.0056688,           0.0056688,           0.0056688
                 177,            0.027262,            0.014656,             0.00823,             0.88345,             0.78009,             0.89984,             0.73768,            0.024627,           0.0042556,           0.0093041,            0.005644,            0.005644,            0.005644
                 178,            0.026173,             0.01433,           0.0078435,             0.82919,             0.64115,             0.74605,              0.5106,            0.027574,           0.0056187,            0.022093,           0.0056193,           0.0056193,           0.0056193
                 179,            0.026747,            0.014815,           0.0087222,             0.87736,             0.78671,             0.87649,             0.68913,            0.024567,           0.0042607,           0.0095379,           0.0055945,           0.0055945,           0.0055945
                 180,            0.026725,            0.014616,           0.0087409,             0.82124,             0.77908,             0.84152,             0.67975,            0.023883,           0.0041742,            0.011764,           0.0055698,           0.0055698,           0.0055698
                 181,            0.027753,            0.014192,           0.0085969,             0.91005,             0.77992,             0.89015,             0.71411,            0.023411,           0.0042396,            0.010125,            0.005545,            0.005545,            0.005545
                 182,            0.028222,            0.014224,           0.0075368,              0.8783,             0.79035,             0.87361,             0.70048,            0.025418,           0.0044327,            0.015119,           0.0055202,           0.0055202,           0.0055202
                 183,            0.026331,             0.01429,            0.008014,             0.77264,             0.78151,             0.84413,             0.69028,            0.025386,           0.0043516,            0.019828,           0.0054955,           0.0054955,           0.0054955
                 184,            0.026747,            0.014365,           0.0082537,             0.89493,             0.75734,             0.86543,             0.71791,            0.023135,           0.0041933,           0.0078956,           0.0054707,           0.0054707,           0.0054707
                 185,            0.027363,            0.014731,            0.007702,             0.79257,             0.79488,             0.86703,             0.68599,            0.022538,           0.0043584,            0.011434,            0.005446,            0.005446,            0.005446
                 186,            0.027117,            0.015275,           0.0091427,             0.84541,             0.81102,             0.89669,             0.73928,            0.024038,           0.0043502,            0.012928,           0.0054212,           0.0054212,           0.0054212
                 187,            0.027037,            0.016036,           0.0064854,             0.87198,             0.85732,             0.91159,              0.7361,             0.02202,           0.0042071,             0.01218,           0.0053965,           0.0053965,           0.0053965
                 188,            0.026801,             0.01569,           0.0081121,             0.87135,             0.79301,             0.91145,             0.74741,            0.021564,           0.0042231,           0.0099556,           0.0053717,           0.0053717,           0.0053717
                 189,             0.02807,            0.014316,           0.0064613,             0.92804,             0.75852,             0.86886,             0.72207,            0.023453,            0.004447,            0.010868,            0.005347,            0.005347,            0.005347
                 190,            0.027718,             0.01398,           0.0080078,              0.8448,             0.81471,             0.88605,             0.71359,            0.023135,           0.0042464,           0.0078595,           0.0053223,           0.0053223,           0.0053223
                 191,            0.026719,            0.014295,           0.0086711,              0.9403,             0.84029,               0.942,             0.74962,            0.023254,           0.0041536,           0.0069855,           0.0052975,           0.0052975,           0.0052975
                 192,            0.027669,            0.014398,           0.0074685,             0.89383,             0.76978,             0.89872,             0.72778,            0.022804,           0.0042468,            0.014301,           0.0052727,           0.0052727,           0.0052727
                 193,            0.027404,             0.01465,           0.0080239,             0.88825,              0.7428,             0.87667,             0.71553,            0.023538,             0.00436,            0.016545,            0.005248,            0.005248,            0.005248
                 194,             0.02663,            0.015276,           0.0070133,             0.90127,             0.75601,             0.87242,             0.72563,            0.024064,           0.0043421,            0.012182,           0.0052233,           0.0052233,           0.0052233
                 195,            0.026819,             0.01421,           0.0071251,             0.85336,             0.66465,             0.78956,             0.62641,            0.026695,           0.0048813,            0.017075,           0.0051985,           0.0051985,           0.0051985
                 196,            0.026393,            0.015063,           0.0088423,             0.89037,             0.78936,             0.86163,             0.72653,            0.022503,           0.0043439,           0.0074763,           0.0051737,           0.0051737,           0.0051737
                 197,            0.026876,            0.014529,           0.0068001,             0.82963,              0.7312,             0.83263,             0.69622,             0.02215,           0.0044837,            0.012549,            0.005149,            0.005149,            0.005149
                 198,             0.02792,            0.014937,           0.0075362,             0.92118,              0.7348,             0.84332,             0.69646,            0.022699,           0.0043741,            0.013421,           0.0051243,           0.0051243,           0.0051243
                 199,            0.026471,            0.014645,           0.0076034,             0.90977,             0.80406,             0.87604,             0.72304,            0.022627,           0.0044005,           0.0084762,           0.0050995,           0.0050995,           0.0050995
                 200,            0.025116,            0.014088,           0.0080798,               0.846,             0.76901,             0.85171,             0.69518,            0.023172,           0.0046679,            0.011482,           0.0050747,           0.0050747,           0.0050747
                 201,            0.027446,             0.01459,           0.0083027,             0.84521,             0.77263,              0.8978,              0.7422,            0.023794,           0.0044691,           0.0057664,             0.00505,             0.00505,             0.00505
                 202,            0.027843,              0.0158,           0.0075277,             0.84028,             0.68751,             0.74997,             0.58742,            0.026211,           0.0053793,            0.015683,           0.0050253,           0.0050253,           0.0050253
                 203,            0.026231,            0.013758,           0.0083999,             0.84703,             0.80999,              0.8728,             0.73345,             0.02379,           0.0044858,           0.0094386,           0.0050005,           0.0050005,           0.0050005
                 204,            0.026677,             0.01476,           0.0072956,             0.91904,             0.77469,             0.87631,             0.73418,             0.02228,            0.004441,            0.015013,           0.0049758,           0.0049758,           0.0049758
                 205,            0.025827,            0.014005,           0.0079991,             0.85255,             0.80775,             0.88794,             0.73152,            0.023234,           0.0044844,            0.013063,            0.004951,            0.004951,            0.004951
                 206,             0.02766,            0.015828,           0.0074552,             0.83728,              0.8511,             0.89426,             0.74225,            0.023897,           0.0043345,           0.0087563,           0.0049263,           0.0049263,           0.0049263
                 207,            0.026655,            0.013877,            0.008402,             0.84268,             0.83286,             0.89724,             0.73178,            0.023224,           0.0043761,            0.014679,           0.0049015,           0.0049015,           0.0049015
                 208,            0.026803,             0.01425,           0.0067047,             0.86127,             0.82196,             0.88633,             0.72528,            0.023234,           0.0041223,            0.013652,           0.0048768,           0.0048768,           0.0048768
                 209,            0.024848,            0.014296,           0.0068396,             0.85161,              0.8229,             0.88337,             0.72429,             0.02335,           0.0040226,            0.009019,            0.004852,            0.004852,            0.004852
                 210,             0.02562,            0.014207,           0.0062612,             0.76668,             0.87339,             0.90436,             0.73816,            0.022674,           0.0041328,            0.011106,           0.0048272,           0.0048272,           0.0048272
                 211,            0.024592,            0.013589,           0.0083053,             0.85699,             0.78813,             0.86886,             0.71541,            0.020383,           0.0041343,            0.013432,           0.0048025,           0.0048025,           0.0048025
                 212,             0.02622,            0.014655,            0.006628,             0.85763,             0.74381,             0.87987,             0.73535,            0.021211,           0.0042564,             0.01518,           0.0047778,           0.0047778,           0.0047778
                 213,            0.025591,            0.013955,           0.0085906,             0.78577,             0.82255,             0.84598,             0.71286,            0.022647,           0.0041667,            0.012655,            0.004753,            0.004753,            0.004753
                 214,            0.025203,             0.01364,           0.0073401,             0.79321,             0.73171,             0.82288,             0.69038,            0.023361,           0.0045077,            0.010603,           0.0047283,           0.0047283,           0.0047283
                 215,            0.026591,            0.014546,           0.0073738,             0.80759,             0.77157,             0.84835,              0.6875,            0.023009,           0.0046824,           0.0070272,           0.0047035,           0.0047035,           0.0047035
                 216,            0.024832,            0.013322,           0.0065481,             0.84628,             0.75807,             0.85055,             0.71216,            0.023111,           0.0043391,           0.0080675,           0.0046788,           0.0046788,           0.0046788
                 217,            0.025147,            0.014699,           0.0066252,             0.91957,              0.7418,             0.86708,             0.72183,            0.021968,           0.0044627,           0.0080495,            0.004654,            0.004654,            0.004654
                 218,            0.025283,            0.014184,           0.0058359,             0.89776,             0.82468,             0.89119,             0.73759,            0.023595,           0.0044579,           0.0076794,           0.0046293,           0.0046293,           0.0046293
                 219,            0.025902,            0.013437,           0.0064673,             0.89317,             0.81181,              0.8786,             0.73608,            0.022472,           0.0044945,           0.0078561,           0.0046045,           0.0046045,           0.0046045
                 220,            0.025783,            0.013865,           0.0053362,             0.90971,              0.7905,             0.86984,              0.7374,            0.021921,           0.0042344,           0.0091924,           0.0045798,           0.0045798,           0.0045798
                 221,            0.024873,             0.01409,           0.0061172,             0.88495,             0.79337,             0.87131,             0.71817,            0.023043,           0.0044654,           0.0079586,            0.004555,            0.004555,            0.004555
                 222,            0.025445,            0.013243,           0.0065379,             0.77804,             0.82593,             0.86952,             0.73683,            0.022011,           0.0043162,            0.008439,           0.0045303,           0.0045303,           0.0045303
                 223,            0.026022,            0.014403,             0.00794,             0.82522,             0.77309,             0.85771,             0.72398,             0.02201,           0.0043956,            0.010317,           0.0045055,           0.0045055,           0.0045055
                 224,            0.024565,            0.013661,           0.0064146,             0.87341,             0.74591,             0.83866,             0.70159,            0.024121,           0.0044305,           0.0091717,           0.0044808,           0.0044808,           0.0044808
                 225,            0.024735,            0.013699,           0.0055654,             0.88781,             0.73452,             0.84435,             0.70804,            0.025279,           0.0043028,            0.012164,            0.004456,            0.004456,            0.004456
                 226,            0.026322,            0.014636,            0.007656,              0.8568,             0.76117,             0.84199,             0.71247,             0.02435,           0.0042849,            0.011739,           0.0044313,           0.0044313,           0.0044313
                 227,            0.024834,            0.013446,           0.0058091,             0.88873,             0.79188,             0.88519,             0.72829,            0.024745,           0.0043568,             0.01095,           0.0044065,           0.0044065,           0.0044065
                 228,            0.025889,            0.013427,           0.0063936,             0.80222,             0.88081,             0.91046,             0.74692,            0.022792,           0.0041646,            0.008834,           0.0043818,           0.0043818,           0.0043818
                 229,             0.02395,            0.013822,           0.0063562,             0.93755,             0.75525,             0.90903,             0.72621,            0.022467,           0.0042197,            0.011875,            0.004357,            0.004357,            0.004357
                 230,            0.025363,            0.013844,            0.006687,             0.88721,             0.78317,             0.88859,             0.72983,            0.022492,           0.0043805,           0.0083735,           0.0043323,           0.0043323,           0.0043323
                 231,            0.026048,            0.013423,           0.0074242,             0.90232,             0.78244,              0.9014,             0.74343,            0.023116,           0.0042781,           0.0062423,           0.0043075,           0.0043075,           0.0043075
                 232,            0.026155,            0.013975,            0.006765,             0.90018,             0.76711,             0.83853,              0.6631,            0.025117,           0.0051547,            0.013898,           0.0042828,           0.0042828,           0.0042828
                 233,            0.026652,            0.013794,           0.0074045,             0.85967,             0.87674,             0.92132,             0.75426,            0.022723,           0.0041595,           0.0078984,            0.004258,            0.004258,            0.004258
                 234,            0.025291,            0.014628,           0.0069663,              0.7804,             0.81292,             0.87587,             0.72994,             0.02295,           0.0043423,            0.010448,           0.0042333,           0.0042333,           0.0042333
                 235,            0.024144,            0.012695,           0.0067311,             0.90239,             0.78993,             0.86991,             0.72314,              0.0232,           0.0044653,            0.008953,           0.0042085,           0.0042085,           0.0042085
                 236,            0.023629,             0.01325,           0.0059474,             0.90282,             0.77591,             0.88886,             0.73404,            0.023284,           0.0041339,           0.0079516,           0.0041837,           0.0041837,           0.0041837
                 237,            0.023279,            0.012575,           0.0070565,             0.90525,             0.74872,             0.88278,             0.74134,             0.02197,           0.0040516,           0.0080264,            0.004159,            0.004159,            0.004159
                 238,            0.024216,            0.014127,           0.0044356,             0.89905,             0.77295,             0.87931,             0.74193,            0.022706,           0.0042871,            0.011191,           0.0041342,           0.0041342,           0.0041342
                 239,            0.025596,            0.014259,           0.0065565,             0.77663,             0.84543,             0.86419,             0.69966,            0.023609,           0.0044065,            0.014895,           0.0041095,           0.0041095,           0.0041095
                 240,            0.023922,            0.013672,           0.0083331,             0.80214,              0.8026,             0.88606,             0.74387,            0.022922,           0.0043606,            0.013988,           0.0040847,           0.0040847,           0.0040847
                 241,            0.022888,            0.013575,           0.0058503,             0.84004,             0.86061,             0.90613,             0.74762,            0.021117,           0.0039367,            0.010024,             0.00406,             0.00406,             0.00406
                 242,             0.02473,            0.013777,           0.0059911,             0.90731,             0.82299,             0.90707,             0.76113,            0.022097,           0.0039294,           0.0089687,           0.0040352,           0.0040352,           0.0040352
                 243,            0.022883,            0.012527,           0.0074452,             0.86879,             0.81998,             0.89777,             0.76387,            0.023066,           0.0039868,            0.010658,           0.0040105,           0.0040105,           0.0040105
                 244,            0.024075,            0.013193,           0.0061728,             0.87989,             0.85282,              0.9039,             0.74423,            0.023821,           0.0039622,            0.010469,           0.0039857,           0.0039857,           0.0039857
                 245,            0.023753,            0.012933,           0.0058503,             0.89038,             0.84351,             0.90915,             0.75021,            0.023822,           0.0040329,           0.0090928,            0.003961,            0.003961,            0.003961
                 246,             0.02312,            0.013091,           0.0054405,              0.8711,             0.83497,             0.90636,              0.7426,            0.022621,           0.0040871,             0.01164,           0.0039362,           0.0039362,           0.0039362
                 247,            0.024959,            0.013469,           0.0069114,              0.8813,             0.83609,             0.88904,             0.72565,            0.023758,           0.0044571,            0.011672,           0.0039115,           0.0039115,           0.0039115
                 248,            0.024178,            0.014008,           0.0051724,             0.90991,             0.79176,             0.88325,             0.74777,            0.023489,           0.0043811,           0.0094635,           0.0038867,           0.0038867,           0.0038867
                 249,            0.022727,            0.012686,           0.0059293,             0.89048,             0.81072,             0.87429,             0.73907,            0.023356,           0.0045074,            0.014414,            0.003862,            0.003862,            0.003862
                 250,            0.023781,            0.014032,            0.005775,             0.91941,             0.75164,              0.8716,             0.74773,            0.021799,           0.0044603,            0.011868,           0.0038372,           0.0038372,           0.0038372
                 251,            0.024292,            0.013328,           0.0058312,             0.91869,              0.7664,             0.85852,             0.73729,            0.022634,           0.0044311,           0.0080837,           0.0038125,           0.0038125,           0.0038125
                 252,            0.023938,            0.013996,           0.0048184,             0.89247,              0.8198,             0.88545,             0.75581,            0.021719,           0.0042775,           0.0071269,           0.0037878,           0.0037878,           0.0037878
                 253,            0.023506,            0.013413,           0.0045953,               0.935,             0.80667,              0.8947,             0.75213,            0.022048,           0.0041648,           0.0070023,            0.003763,            0.003763,            0.003763
                 254,            0.023448,            0.012799,           0.0056568,             0.92378,              0.7417,             0.87191,              0.7328,            0.021711,           0.0041909,           0.0076169,           0.0037383,           0.0037383,           0.0037383
